,Total Return,Sharpe ratio,Max Drawdown,Win Rate,Annualised Volatility
Moving Average Crossover,1.0979903448264157,0.9661811473290602,-18.755229425221774,0.5583405358686258,0.12748193758017154
Momentum,1.1341987150841208,1.0533172543497464,-13.336282792342843,0.5595996360327571,0.11844291356899533
Mean Reversion,0.5164087327999538,0.8640106175035103,-8.329712057377039,0.5974025974025974,0.078267007971919
RSI,0.20238330762281187,0.4592280219850725,-9.567721693612526,0.5151515151515151,0.06723114708404215
Bollinger Band,-0.03518687222052874,-0.2254022775518197,-8.374950355081983,0.5277777777777778,0.023446350704908216
MACD,0.6456060761968501,0.7230545002572638,-15.049191704567164,0.5456730769230769,0.11633159383602022
Volatility Breakout,-0.06548947389175974,-0.38061592709578845,-7.779808052344538,0.5454545454545454,0.026675598303348633
