,Total Return (%),Sharpe Ratio,Max Drawdown (%),Win Rate,Annualised Volatility
Buy and Hold,219.6470619685724,0.8057709149114332,-37.14848261346005,0.53125,0.29554873009070376
Moving Average Crossover,97.6696032234354,0.7298229233423804,-19.4368002753748,0.5313463514902363,0.17796217574987114
Momentum,22.601010189997986,0.2752376219224668,-31.83564674383349,0.52,0.18902378756089844
Mean Reversion,97.25432423394133,1.1748488920379054,-3.0885780797901075,0.6785714285714286,0.10086589290823467
RSI,4.283051159378897,0.17037551658918823,-12.29978866730039,0.5681818181818182,0.04798444131546886
Bollinger Band,0.8818617311223419,0.054463274075141004,-9.284945669964284,0.5104166666666666,0.05932642763729184
MACD,20.304161608281586,0.25826827166908584,-38.74325320732468,0.5243101182654402,0.18880443099387773
Volatility Breakout,-17.99982176972163,-0.3968369964638151,-26.547186720279104,0.5,0.07588879681792127
