,Total Return,Sharpe Ratio,Max Drawdown,Win Rate,Annualised Volatility
Moving Average Crossover,1.0979908206193514,0.9661814510560962,-18.75525094703157,0.5583405358686258,0.12748193357670148
Momentum,1.1342012298587583,1.0533175470102096,-13.336292480423056,0.5595996360327571,0.11844307234511277
Mean Reversion,0.5164087464828597,0.8640110107288972,-8.329758855956108,0.5974025974025974,0.07826697078109252
RSI,0.20238306906591674,0.45922808340125554,-9.567692937644155,0.5151515151515151,0.06723105692711553
Bollinger Band,-0.035188735229231494,-0.22541454882363726,-8.375113392862588,0.5277777777777778,0.023446399293138808
MACD,0.6456111228077326,0.7230576330768226,-15.049135408769423,0.5456730769230769,0.11633177814376248
Volatility Breakout,-0.0654883324269766,-0.3806105952968675,-7.779695409310068,0.5454545454545454,0.026675482186854012
