,Total Return,Sharpe Ratio,Max Drawdown,Win Rate,Annualised Volatility
Moving Average Crossover,0.8293402147492341,0.6294606576796309,-23.544280652722428,0.52834008097166,0.17268906252620742
Momentum,0.11551852339592195,0.18461069469997518,-31.83573686401661,0.5165198237885462,0.18787503463747116
Mean Reversion,0.8862412906398263,1.0385480924100123,-6.536991547409468,0.6376811594202898,0.09939861725598167
RSI,0.13870753548837933,0.3968350528379396,-12.299746630520271,0.5932203389830508,0.05458630349952515
Bollinger Band,0.06001846839817637,0.17228917779968864,-9.285034362651205,0.5196078431372549,0.06463230891413974
MACD,0.002772857861756073,0.09901870385953353,-41.89584301357701,0.5197044334975369,0.19292790949536354
Volatility Breakout,-0.14283780957016845,-0.2829414007477572,-26.547183113548705,0.5333333333333333,0.07417110541525686
