,Total Return (%),Sharpe Ratio,Max Drawdown (%),Win Rate,Annualised Volatility
Buy and Hold,130.77337680385867,0.778487818088631,-33.71729231437851,0.5525265957446809,0.2075245195490048
Moving Average Crossover,91.99740448665239,0.9268986092059959,-18.755239553632823,0.5596153846153846,0.1263622568903037
Momentum,99.19923796505937,1.0187483951602407,-13.33631008250765,0.5594541910331384,0.12033192740349397
Mean Reversion,37.72548726270768,0.7143874763980329,-8.329649439762282,0.5735294117647058,0.07924080543382195
RSI,19.26755494320414,0.46518632786671343,-9.567698455331106,0.5333333333333333,0.06840626389757892
Bollinger Band,-4.508718074211856,-0.3081441108554171,-8.374969015927418,0.5142857142857142,0.02410248324295139
MACD,50.42435148112625,0.6331304143870776,-15.049148851255136,0.5464968152866242,0.11912164390831413
Volatility Breakout,-7.779720219367664,-0.480318934883916,-7.779720219367664,0.5,0.027414863418093075
